{"cameraMode":{"drawMode":2,"name":"Shaded Wireframe","section":"Shading Mode"},"sceneLighting":true,"audioPlay":false,"sceneViewState":{"m_AlwaysRefresh":false,"showFog":true,"showSkybox":true,"showFlares":true,"showImageEffects":true,"showParticleSystems":true,"showVisualEffectGraphs":true,"m_FxEnabled":true},"in2DMode":false,"pivot":{"x":-27.503103256225587,"y":68.16993713378906,"z":8.416388511657715},"rotation":{"x":-0.7172240018844605,"y":-0.0027195443399250509,"z":0.0027995652053505184,"w":-0.6968416571617127},"size":0.8729091286659241,"orthographic":false}